customer_id,name,email,phone,city,join_date
CUST-10000,Vincent Khare,takvictor@example.org,05005359923,Abu Dhabi,2025-06-05
CUST-10001,Neelima Dar,yatan32@example.com,+914375141714,Dubai,2024-08-22
CUST-10002,Vedant Taneja,sarrafaashi@example.com,7671043479,Abu Dhabi,2025-11-04
CUST-10003,Chandresh Rai,urvashi76@example.org,+910547177248,Dubai,2025-11-30
CUST-10004,Fiyaz Thaman,tluthra@example.org,+915112326323,Sharjah,2026-03-24
CUST-10005,Yahvi Chaudhuri,lila71@example.com,8224488304,Abu Dhabi,2025-02-02
CUST-10006,Jeremiah Khanna,oeshi35@example.com,07907262769,Abu Dhabi,2024-09-10
CUST-10007,Azad Mann,chackoumang@example.org,2410390790,Sharjah,2025-04-06
CUST-10008,Brijesh Ravi,shuklaayaan@example.com,08556023382,Sharjah,2024-11-16
CUST-10009,Qasim Pau,shivansh76@example.org,05584428757,Sharjah,2025-01-26
CUST-10010,Lopa Subramanian,radhakrishnannikita@example.com,06194397472,Ajman,2024-12-04
CUST-10011,Lajita Nagar,charita49@example.com,0623694252,Abu Dhabi,2024-06-25
CUST-10012,Sanya Bahl,janyachahal@example.org,+913841160901,Ajman,2025-08-31
CUST-10013,Triveni Bal,urajan@example.com,+913546412610,Dubai,2025-02-04
CUST-10014,Jhalak Batra,vrishtibedi@example.org,+910914019005,Ajman,2026-03-18
CUST-10015,Girindra Anne,ikshitabali@example.com,+914991144941,Dubai,2025-11-14
CUST-10016,Wazir Nagar,zvarughese@example.org,9732348357,Abu Dhabi,2024-05-02
CUST-10017,Quincy Nagar,ckohli@example.com,03538432428,Sharjah,2025-12-09
CUST-10018,Peter Shroff,hpandey@example.org,05192732641,Ajman,2025-05-15
CUST-10019,Arin Chanda,ladeesha@example.com,09888982606,Dubai,2025-08-13
CUST-10020,Qasim Manda,qsarraf@example.org,07336291633,Abu Dhabi,2025-01-30
CUST-10021,Reva Dasgupta,girik14@example.org,7615555038,Abu Dhabi,2025-07-11
CUST-10022,Ekansh Wason,edayal@example.org,5280907615,Sharjah,2024-12-02
CUST-10023,Ganga Gill,chakrabartimohammed@example.com,3548915328,Ajman,2025-02-15
CUST-10024,Onkar Pant,jpall@example.com,+918054492604,Dubai,2024-05-09
CUST-10025,Dalbir Dani,mohammed78@example.com,+912905145647,Dubai,2024-11-13
CUST-10026,Ishani Kapadia,dakshasubramanian@example.com,+915684751961,Sharjah,2025-02-08
CUST-10027,Qasim Om,anneaditya@example.net,+918509443335,Ajman,2025-08-24
CUST-10028,Ekbal Pau,yashodawalla@example.com,05049631121,Ajman,2025-11-12
CUST-10029,Ekaraj Sabharwal,mahikamandal@example.net,1187500006,Abu Dhabi,2025-01-20
CUST-10030,Mitali Choudhry,lukesama@example.org,+910388408380,Dubai,2026-03-18
CUST-10031,Ekantika Dara,abrar@example.org,9904070122,Abu Dhabi,2024-09-17
CUST-10032,Charita Sachdeva,gandhijason@example.com,02530569737,Sharjah,2025-05-27
CUST-10033,Falguni Ahuja,zayyantella@example.org,7571159043,Abu Dhabi,2024-12-18
CUST-10034,Nilima Lata,kaurharish@example.com,+913203868324,Sharjah,2024-10-11
CUST-10035,Vrinda Palan,anushabhatia@example.com,08846830732,Dubai,2025-08-25
CUST-10036,Abha Prasad,dugalrachana@example.org,6979593540,Sharjah,2024-10-11
CUST-10037,Maanav Walia,william75@example.net,+910684949334,Sharjah,2024-08-26
CUST-10038,Jyoti Madan,xbiswas@example.com,9331886727,Sharjah,2025-05-04
CUST-10039,Samar Mohanty,srinivasandevika@example.net,+919154041922,Abu Dhabi,2024-07-17
CUST-10040,Charan Sabharwal,anthonykarpe@example.net,08046165284,Abu Dhabi,2025-04-12
CUST-10041,Oeshi Dass,tararamakrishnan@example.com,05209775682,Dubai,2024-12-20
CUST-10042,Ria Saha,lallazaan@example.org,06933869493,Abu Dhabi,2025-07-30
CUST-10043,Udant Mukhopadhyay,vasudha76@example.com,5718906534,Dubai,2026-01-31
CUST-10044,Faras Taneja,gnigam@example.org,+912844097375,Abu Dhabi,2025-07-14
CUST-10045,Jack Karan,mukherjeeyash@example.org,4764724611,Abu Dhabi,2024-06-20
CUST-10046,Lucky Behl,sarnayamini@example.com,2325909920,Ajman,2025-03-27
CUST-10047,Akshay Batta,joshuabatra@example.net,3004136142,Ajman,2025-06-02
CUST-10048,Yasti Bose,yutika98@example.net,0934307962,Sharjah,2025-09-01
CUST-10049,Neel Sarraf,vlall@example.com,+911342303085,Sharjah,2024-06-03
CUST-10050,Jatin Mohanty,babugagan@example.org,2531014561,Dubai,2025-01-10
CUST-10051,Ayushman Bakshi,fitanganesh@example.net,1053729107,Abu Dhabi,2025-06-11
CUST-10052,Dhruv Ganguly,memonmanbir@example.com,02411305715,Ajman,2025-03-16
CUST-10053,Balhaar More,reddylipika@example.com,+911834605317,Abu Dhabi,2024-12-17
CUST-10054,Nimrat Dutt,nsarma@example.org,00481133422,Dubai,2025-11-21
CUST-10055,Anika Murthy,aradhananagar@example.com,0266885610,Dubai,2025-05-03
CUST-10056,Aayush Sarin,tamannabhasin@example.com,8471934716,Ajman,2024-06-29
CUST-10057,Liam Narayan,kaleabeer@example.org,9881160306,Dubai,2025-11-18
CUST-10058,Omkaar Sabharwal,kcontractor@example.net,09915799569,Abu Dhabi,2024-12-22
CUST-10059,Alka Narayan,misrazansi@example.net,04487971896,Ajman,2025-04-05
CUST-10060,Zinal Bhargava,rattabanjeet@example.com,03000482397,Ajman,2024-08-14
CUST-10061,Kamya Tripathi,chowdhurygautami@example.net,+915603484972,Dubai,2024-11-04
CUST-10062,Krishna Tata,gayathribehl@example.org,04934264680,Ajman,2024-11-08
CUST-10063,Ati Kapoor,chakrika56@example.org,+918570558969,Sharjah,2025-02-06
CUST-10064,Sai Gera,chakradev72@example.com,+913087906635,Ajman,2025-07-21
CUST-10065,Nimrat Nanda,charlessem@example.net,+910801538020,Sharjah,2025-03-25
CUST-10066,Nirja Parsa,prisha10@example.com,+913593168420,Dubai,2024-05-15
CUST-10067,Ishaan Bhalla,abhimanyu55@example.net,+912035332425,Abu Dhabi,2026-03-04
CUST-10068,Amol Dyal,aryamohanty@example.com,2866408851,Sharjah,2026-01-15
CUST-10069,Michael Sharma,cdoshi@example.net,2275953545,Sharjah,2026-03-14
CUST-10070,Yashodhara Doshi,darika94@example.org,1455837682,Sharjah,2025-08-29
CUST-10071,Frado Keer,pillayudant@example.com,2993153367,Abu Dhabi,2025-06-05
CUST-10072,Jairaj Borde,deepmegha@example.com,04804854147,Sharjah,2026-02-01
CUST-10073,Henry Randhawa,bailrushil@example.org,04216011548,Dubai,2025-10-20
CUST-10074,Warhi Johal,mannehemang@example.net,07999028320,Abu Dhabi,2025-06-26
CUST-10075,Imaran Dugar,pkar@example.net,+912977778694,Dubai,2024-10-17
CUST-10076,Madhavi Agarwal,kapoorsudiksha@example.com,2668582675,Abu Dhabi,2025-09-06
CUST-10077,Lipika Ganguly,george33@example.net,9536461940,Dubai,2024-06-09
CUST-10078,Chanchal Gala,jgrover@example.net,9829515130,Sharjah,2024-08-15
CUST-10079,Yauvani Sinha,qmagar@example.net,01120831287,Ajman,2025-11-30
CUST-10080,Ikshita Garg,snehabose@example.net,4395037628,Dubai,2025-02-16
CUST-10081,Liam Mani,ksoman@example.org,+913691425735,Abu Dhabi,2024-11-08
CUST-10082,Chavvi Gala,suribalhaar@example.net,+913691682969,Sharjah,2025-10-16
CUST-10083,Yutika Uppal,udarshshere@example.com,03643460686,Dubai,2024-11-12
CUST-10084,Chasmum Ramakrishnan,daminirana@example.net,+916009408066,Ajman,2024-09-22
CUST-10085,Rajata Saxena,fdani@example.net,+917932533661,Dubai,2024-09-04
CUST-10086,Ekantika Chaudry,adya75@example.com,04232800876,Sharjah,2024-11-25
CUST-10087,Mugdha Kala,ekhanna@example.net,+911674847532,Ajman,2024-05-01
CUST-10088,Darsh Grewal,narasimhanwarhi@example.com,6859363599,Abu Dhabi,2024-10-04
CUST-10089,Dhriti Menon,anirudh80@example.org,+912127911579,Abu Dhabi,2024-05-16
CUST-10090,Saanvi Ramanathan,zehaan84@example.net,+910520123087,Sharjah,2024-08-17
CUST-10091,Max Luthra,oviyamukhopadhyay@example.org,05282209185,Ajman,2025-06-27
CUST-10092,Vritti Bhat,panditdev@example.net,06962889979,Dubai,2025-09-11
CUST-10093,Indali Sanghvi,gaurikagoel@example.com,07296453851,Ajman,2024-06-12
CUST-10094,Mason Kuruvilla,vigyamini@example.org,1877875057,Ajman,2024-06-15
CUST-10095,Ishaan Rajan,duakalpit@example.org,00127555110,Sharjah,2025-05-25
CUST-10096,Triveni Bava,waurora@example.net,06186123209,Ajman,2026-03-23
CUST-10097,Leena Bahl,hardikmohanty@example.com,08237426314,Ajman,2025-08-09
CUST-10098,Harsh Shetty,surdarpan@example.net,01837596915,Dubai,2024-04-15
CUST-10099,Advaith Reddy,xhora@example.org,1788956080,Abu Dhabi,2025-03-16
CUST-10100,Yash Shetty,tvora@example.net,07861603430,Abu Dhabi,2025-02-10
CUST-10101,Ishani Reddy,dhaliwalmeghana@example.com,05431896033,Ajman,2025-09-08
CUST-10102,Ekansh Dara,prashadabhimanyu@example.org,1701408599,Dubai,2025-07-01
CUST-10103,Shravya Samra,vaishnavibatta@example.net,0722737952,Sharjah,2025-03-06
CUST-10104,Jagrati Prasad,nikita97@example.org,1346599097,Abu Dhabi,2025-10-21
CUST-10105,Benjamin Kuruvilla,warhibansal@example.com,+918028007424,Dubai,2024-12-15
CUST-10106,Jai Dalal,waida84@example.com,+912718230139,Abu Dhabi,2024-07-21
CUST-10107,Azaan Bal,gdhingra@example.com,+918044415509,Sharjah,2025-11-16
CUST-10108,Ishita Mohanty,ryan63@example.org,+919042882383,Abu Dhabi,2024-06-03
CUST-10109,Chasmum Garg,triptinatt@example.net,2098186908,Abu Dhabi,2025-10-19
CUST-10110,Nakul Hans,nattimaran@example.com,06242634333,Ajman,2024-11-11
CUST-10111,Ishanvi Pal,tristan31@example.com,+915471298402,Dubai,2025-09-02
CUST-10112,Vivaan Mann,trivenimishra@example.org,7119864484,Abu Dhabi,2024-06-01
CUST-10113,Faqid Sampath,glad@example.net,+918560175279,Dubai,2024-04-11
CUST-10114,Madhav Krish,vedant94@example.net,+918048971492,Ajman,2024-07-17
CUST-10115,Kashvi Rajagopal,brijeshrajan@example.com,6268300031,Abu Dhabi,2025-07-27
CUST-10116,Gabriel Chopra,ekapadsethi@example.org,00302989211,Abu Dhabi,2024-11-04
CUST-10117,Andrew Keer,parmerradha@example.net,+910441874600,Dubai,2024-10-21
CUST-10118,Garima Saxena,krishnamurthynimrat@example.org,9274994392,Dubai,2025-06-28
CUST-10119,Nilima Mann,tkeer@example.org,9038124022,Sharjah,2024-12-19
CUST-10120,Gauri Bains,jchoudhry@example.com,+911993865333,Dubai,2025-07-23
CUST-10121,Brijesh Agate,hmuni@example.com,07247043094,Dubai,2025-12-07
CUST-10122,Ethan Sinha,charlesupadhyay@example.org,08618479449,Sharjah,2026-01-15
CUST-10123,Zaid Saha,tankwakeeta@example.com,8638481349,Sharjah,2026-02-05
CUST-10124,Dayita Kannan,yashodaborde@example.net,01225750000,Dubai,2024-04-24
CUST-10125,Yachana Dugar,lekhakumer@example.com,+911966874010,Dubai,2026-01-20
CUST-10126,Daniel Narasimhan,bhattdhriti@example.com,7068491239,Dubai,2024-10-06
CUST-10127,Widisha Baria,anyaiyer@example.org,8874860119,Ajman,2024-06-06
CUST-10128,Harinakshi Kata,fkhatri@example.net,00761803415,Sharjah,2025-03-09
CUST-10129,Robert Goswami,jairajrajagopalan@example.org,+912491096298,Abu Dhabi,2026-03-06
CUST-10130,Chatura Shankar,wsavant@example.com,2248700792,Dubai,2026-01-19
CUST-10131,Advay Yadav,damyanti45@example.com,+919586431596,Dubai,2024-10-11
CUST-10132,Timothy Ram,bajwabachittar@example.com,+910300952120,Dubai,2024-05-01
CUST-10133,Dipta Barman,gargishani@example.net,+913330821753,Sharjah,2025-04-21
CUST-10134,Vyanjana Rau,prasadubika@example.com,+912717959382,Dubai,2025-04-25
CUST-10135,Kavya Krish,darsh06@example.com,1746281417,Abu Dhabi,2025-05-24
CUST-10136,Oliver Dara,kadeazaan@example.com,+914917383809,Dubai,2025-09-27
CUST-10137,Hema Patla,ishita54@example.org,08369065176,Ajman,2024-09-07
CUST-10138,Vasana Kari,gabrielrastogi@example.net,+915425329260,Abu Dhabi,2025-12-08
CUST-10139,Victor Swamy,sinhapavani@example.net,+916552381285,Ajman,2024-07-14
CUST-10140,Karan Pingle,nradhakrishnan@example.com,7356395767,Dubai,2024-05-08
CUST-10141,Rushil Kashyap,vvenkataraman@example.net,01365016998,Ajman,2025-04-04
CUST-10142,Jeremiah Mistry,nayarjai@example.org,03965147979,Dubai,2025-10-13
CUST-10143,Mekhala Yadav,oviyadhillon@example.com,00442871291,Dubai,2025-02-09
CUST-10144,Lajita Barad,sachi31@example.org,+916811669899,Sharjah,2026-03-03
CUST-10145,Tara Apte,ojohal@example.org,09046109319,Abu Dhabi,2025-12-12
CUST-10146,Thomas Varty,revashukla@example.org,+912334548073,Abu Dhabi,2024-12-24
CUST-10147,Hema Morar,quincy15@example.com,9006592188,Sharjah,2024-08-22
CUST-10148,Siya Sibal,anirudh52@example.com,+919388694431,Dubai,2024-07-15
CUST-10149,Kritika Nagar,osankar@example.net,05403507230,Sharjah,2024-11-25
CUST-10150,Avni Nadkarni,urvashiprabhakar@example.net,02977294866,Ajman,2024-06-18
CUST-10151,Watika Yadav,anaidu@example.org,08057636520,Abu Dhabi,2024-12-01
CUST-10152,Benjamin Bhargava,dharanjali@example.com,02837594657,Ajman,2025-07-29
CUST-10153,Irya Sachar,jhaverifinn@example.com,1524854289,Ajman,2024-08-11
CUST-10154,Jonathan Sridhar,raksha84@example.org,08474609648,Abu Dhabi,2025-08-06
CUST-10155,Ekantika Chhabra,uhayre@example.org,3310193219,Ajman,2024-07-12
CUST-10156,Dakshesh Prakash,gouraditya@example.com,+910761706748,Sharjah,2024-04-13
CUST-10157,Harrison Sandal,iranaidu@example.net,4079073986,Sharjah,2025-04-25
CUST-10158,Sanaya Menon,edwinnikita@example.net,06712936239,Dubai,2024-07-06
CUST-10159,Vyanjana Tank,rachana50@example.net,05956118020,Ajman,2024-04-02
CUST-10160,William Dar,chadhamadhavi@example.org,+912904876305,Ajman,2024-10-04
CUST-10161,Chandran Karan,madhavi15@example.com,2008552630,Sharjah,2024-09-14
CUST-10162,Zinal Mohanty,fdara@example.net,+914974071170,Ajman,2025-05-07
CUST-10163,Ladli Shroff,ramakrishnanvritti@example.org,07960445939,Abu Dhabi,2024-08-29
CUST-10164,Nihal Shankar,comarsaanvi@example.org,+918341857190,Dubai,2025-09-07
CUST-10165,Luke Das,daraaashi@example.org,+915195136098,Ajman,2024-08-26
CUST-10166,Balendra Rau,muttiaarnav@example.org,1237828111,Dubai,2025-01-29
CUST-10167,Chasmum Sani,dakshapandey@example.net,+913796266863,Abu Dhabi,2025-09-19
CUST-10168,Gautami Halder,sudikshalad@example.net,5919710891,Sharjah,2025-08-12
CUST-10169,Qadim Nayak,liam19@example.org,+917783108978,Ajman,2025-09-21
CUST-10170,Gopal Sastry,chatresh83@example.org,+913182164387,Dubai,2024-05-26
CUST-10171,Warinder Doctor,sachdevamason@example.net,09761293223,Dubai,2024-07-01
CUST-10172,Rachita Desai,garaishita@example.com,+916135581768,Ajman,2025-11-11
CUST-10173,Irya Chauhan,falgunimahajan@example.org,07461485748,Abu Dhabi,2025-06-14
CUST-10174,Vaishnavi Cheema,msur@example.org,08184151379,Sharjah,2025-01-25
CUST-10175,Watika Palla,tripti43@example.org,1122951994,Ajman,2025-07-29
CUST-10176,Chakradhar Nagy,bahadurjit88@example.org,07093684898,Abu Dhabi,2025-11-12
CUST-10177,Avi Dar,schaudhari@example.org,0364588507,Abu Dhabi,2024-04-05
CUST-10178,Faras Karpe,vasatika46@example.org,08414642114,Ajman,2024-07-27
CUST-10179,Arin Chaudry,aryayochana@example.net,+916254779109,Sharjah,2025-01-08
CUST-10180,Aarnav Keer,dramaswamy@example.com,2213975333,Dubai,2025-12-21
CUST-10181,Om Ray,daksh62@example.net,9316565705,Abu Dhabi,2026-02-07
CUST-10182,Lekha Manne,osaran@example.org,+911233905767,Ajman,2025-06-24
CUST-10183,Tanmayi Bhandari,krish93@example.org,5296914103,Ajman,2024-09-08
CUST-10184,Oscar Bansal,rajagopalfalan@example.org,+919098499280,Abu Dhabi,2024-07-27
CUST-10185,Lipika Tailor,borrayauvani@example.org,03723855550,Dubai,2025-04-13
CUST-10186,Divya Thakur,balveerpatel@example.net,7788310877,Ajman,2024-06-10
CUST-10187,Guneet Narula,mrege@example.org,01692077140,Dubai,2024-07-09
CUST-10188,Bhavika Mander,jeevika06@example.com,7361743874,Abu Dhabi,2025-10-21
CUST-10189,Gabriel Chauhan,chowdhurytejas@example.net,0845722902,Ajman,2024-06-19
CUST-10190,Ojas Raja,alka74@example.org,2604549606,Sharjah,2025-06-02
CUST-10191,Charles Swamy,pavani75@example.net,07602432053,Sharjah,2024-07-04
CUST-10192,Manan Yogi,dalalyagnesh@example.org,03945872405,Abu Dhabi,2024-05-01
CUST-10193,Rishi Puri,pallaazad@example.com,+917695376078,Abu Dhabi,2024-05-10
CUST-10194,Jeet Lata,nhans@example.com,8278513858,Sharjah,2024-06-27
CUST-10195,Champak Bora,sarthaksehgal@example.org,+914705303173,Sharjah,2025-11-21
CUST-10196,Jairaj Thakur,ushetty@example.org,+912259045779,Ajman,2026-02-17
CUST-10197,Gagan Kant,vedantmanne@example.net,+918409062376,Abu Dhabi,2025-02-10
CUST-10198,Daksh Datta,mugdhakulkarni@example.org,8704786036,Sharjah,2024-07-31
CUST-10199,Udant Ahuja,nihalsood@example.org,9844411692,Ajman,2024-07-26
CUST-10200,Warinder Muni,ebala@example.com,3742662227,Abu Dhabi,2024-05-28
CUST-10201,Dipta Garg,balakamala@example.org,00100187891,Dubai,2024-12-02
CUST-10202,Mahika Dhaliwal,bachittarsule@example.com,1703268293,Ajman,2025-11-15
CUST-10203,Widisha Prashad,jasoniyengar@example.org,7787339551,Abu Dhabi,2025-06-09
CUST-10204,Ridhi Dhillon,fdara@example.net,03100579544,Abu Dhabi,2024-11-14
CUST-10205,Aarush Subramaniam,sray@example.org,9167424024,Dubai,2025-06-20
CUST-10206,Lakshit Sidhu,arunimakeer@example.org,+919082925290,Abu Dhabi,2024-09-17
CUST-10207,Abeer Pandit,tdixit@example.com,9393329916,Dubai,2025-04-22
CUST-10208,Jhalak Merchant,rushil27@example.org,+919635450969,Dubai,2026-03-23
CUST-10209,Gaurang Palan,mandbrinda@example.com,+919595905397,Ajman,2025-01-11
CUST-10210,Karan Ahuja,ybora@example.com,02206108852,Abu Dhabi,2024-04-22
CUST-10211,Janani Pillai,ganesanamara@example.net,0988485544,Abu Dhabi,2024-05-18
CUST-10212,Urvashi Barad,jack22@example.org,06784848830,Sharjah,2024-05-18
CUST-10213,Lakshmi Chaudhari,zsinghal@example.com,6642387555,Dubai,2024-04-15
CUST-10214,Onveer Kalla,beraunnati@example.com,1524293018,Abu Dhabi,2025-11-27
CUST-10215,Theodore Narula,alexanderramanathan@example.net,+918399137113,Abu Dhabi,2024-12-05
CUST-10216,Leela Varkey,shankergagan@example.net,2695248044,Sharjah,2026-02-18
CUST-10217,Warinder Mall,sacharfariq@example.com,06139575401,Ajman,2025-02-17
CUST-10218,Tara Bahri,brindarajan@example.com,4455752805,Ajman,2024-08-01
CUST-10219,Robert Hans,dhalder@example.net,9282973501,Sharjah,2024-05-20
CUST-10220,Omkaar Pant,netra92@example.net,1428149849,Sharjah,2025-09-23
CUST-10221,Ladli Verma,abasak@example.net,04982606820,Ajman,2025-04-20
CUST-10222,Thomas Lad,achander@example.org,03389898163,Sharjah,2025-11-17
CUST-10223,Oliver Chandran,matthew92@example.net,+914132708296,Ajman,2025-09-27
CUST-10224,Jyoti Bobal,eesha68@example.org,+911053725169,Dubai,2025-03-29
CUST-10225,Samarth Bhargava,widisha04@example.net,07926718513,Sharjah,2025-01-19
CUST-10226,Saksham Rastogi,nitesh96@example.com,6453729079,Dubai,2025-02-20
CUST-10227,Hredhaan Chakraborty,jagdishshankar@example.org,+910552951855,Ajman,2025-11-05
CUST-10228,Xiti Morar,teerth75@example.com,07750113575,Abu Dhabi,2025-04-16
CUST-10229,Idika Mangat,lbains@example.net,1026468847,Sharjah,2025-10-11
CUST-10230,Samarth Nazareth,jagvichaudhry@example.org,3244037083,Dubai,2025-11-24
CUST-10231,Zayan Malhotra,vargheseriya@example.org,+910065129201,Ajman,2025-12-05
CUST-10232,Frado Brahmbhatt,magarnisha@example.org,4658226255,Dubai,2024-08-06
CUST-10233,Ridhi Jaggi,binaanand@example.com,5634859521,Sharjah,2024-12-10
CUST-10234,Gaurav Sachdev,kacharya@example.com,+911322217713,Dubai,2025-08-25
CUST-10235,Nachiket Bhandari,advay18@example.net,0594161592,Ajman,2024-09-29
CUST-10236,Vedika Dutta,jeevikasachdev@example.org,5942334690,Abu Dhabi,2025-02-12
CUST-10237,Pallavi Shetty,qborde@example.com,+919804960580,Dubai,2026-02-10
CUST-10238,Nandini Lad,guneetanand@example.org,07165173147,Abu Dhabi,2024-10-04
CUST-10239,Qasim Pillai,unni17@example.com,1547379790,Dubai,2025-09-12
CUST-10240,Ekaja Roy,raidarika@example.org,09774295886,Ajman,2025-06-18
CUST-10241,Bimala Sarraf,chandraadvika@example.com,05894782966,Abu Dhabi,2024-05-05
CUST-10242,Tejas Ranganathan,tatatarak@example.net,02049989866,Dubai,2024-05-07
CUST-10243,Abdul Deep,raagini04@example.com,7538497082,Ajman,2025-02-02
CUST-10244,David Korpal,surekanta@example.net,+916505421467,Abu Dhabi,2025-03-25
CUST-10245,Theodore Rege,gwalla@example.net,5301252303,Sharjah,2025-12-03
CUST-10246,Ekapad Varghese,urmisibal@example.com,0720831067,Ajman,2025-01-25
CUST-10247,Jalsa Lata,senkala@example.com,0695754063,Sharjah,2025-03-23
CUST-10248,Vedant Dash,hlalla@example.com,01428970344,Sharjah,2024-06-25
CUST-10249,Vansha Salvi,srinivasanfaqid@example.net,04558785619,Ajman,2025-02-24
CUST-10250,Vedant Dua,bhavnadate@example.net,+917571708260,Dubai,2025-06-21
CUST-10251,Aarini Luthra,maanavmitra@example.com,+919403153868,Abu Dhabi,2025-06-28
CUST-10252,Krisha Bhat,falan52@example.com,+919372209232,Abu Dhabi,2025-09-19
CUST-10253,Mohini Vaidya,bahadurjit28@example.com,02724428488,Abu Dhabi,2025-03-06
CUST-10254,Bhavani Rai,dalbir38@example.com,+914996215545,Ajman,2025-07-16
CUST-10255,Saumya Nazareth,sodhiyutika@example.org,+916167425186,Dubai,2025-05-12
CUST-10256,Zaid Suri,chakrabartigaurangi@example.net,03998361155,Abu Dhabi,2026-01-08
CUST-10257,Laban Salvi,pbajaj@example.org,0718470767,Dubai,2025-11-13
CUST-10258,Eta Bath,gaurika62@example.com,09632214045,Ajman,2024-12-08
CUST-10259,Chasmum Kaur,falguni32@example.com,+916971780919,Dubai,2025-06-13
CUST-10260,Rushil Gopal,karajagrati@example.org,09899782107,Dubai,2024-12-24
CUST-10261,Faqid Khalsa,ira44@example.net,7252427958,Ajman,2024-06-04
CUST-10262,Onkar Agarwal,pchana@example.net,06944914238,Abu Dhabi,2025-11-12
CUST-10263,Bina Sood,madhavibhavsar@example.org,6558784643,Abu Dhabi,2025-11-06
CUST-10264,Anika Ray,benjaminkorpal@example.org,9365315706,Ajman,2024-06-01
CUST-10265,Tamanna Sarkar,sachichanda@example.com,3929147484,Dubai,2025-01-01
CUST-10266,Lajita Sahni,balachaman@example.net,0177536903,Sharjah,2025-09-05
CUST-10267,Karan Kaul,ekanta60@example.org,2033112819,Dubai,2025-02-27
CUST-10268,Bachittar Biswas,sdar@example.net,09629032738,Abu Dhabi,2024-07-30
CUST-10269,Ishwar Vala,nihalsharma@example.com,+918896133161,Sharjah,2024-04-11
CUST-10270,Kashvi Shankar,shroffwilliam@example.com,07583294579,Abu Dhabi,2024-05-07
CUST-10271,Alka Chahal,ramachandrannimrat@example.com,00709765504,Ajman,2025-01-09
CUST-10272,Harshil Varkey,patelbachittar@example.org,05683408148,Ajman,2025-05-08
CUST-10273,Damyanti Lad,pushtimurty@example.org,09463493116,Dubai,2024-07-01
CUST-10274,Advik Date,anaykurian@example.org,9081259755,Abu Dhabi,2025-04-26
CUST-10275,Bhavna Deshmukh,divya16@example.com,07532462404,Dubai,2024-08-17
CUST-10276,Qasim Singh,jchana@example.com,7894516946,Abu Dhabi,2024-12-06
CUST-10277,Arjun Devi,ayaan10@example.net,+913034938344,Ajman,2025-08-11
CUST-10278,Jason Mallick,kalanimrat@example.com,+913785171300,Sharjah,2025-10-06
CUST-10279,Sarthak Nagy,lallaojasvi@example.org,09171595914,Dubai,2026-01-16
CUST-10280,Ira Ghose,mammengopal@example.net,8942619418,Ajman,2024-04-27
CUST-10281,Rachit Ravi,wsur@example.org,04453603424,Dubai,2025-04-14
CUST-10282,Krisha Chokshi,bhavyachoudhary@example.org,+914270259030,Abu Dhabi,2025-12-19
CUST-10283,Shivani Mammen,dvarty@example.org,03687203495,Sharjah,2025-01-21
CUST-10284,Lakshit Ahuja,faras74@example.net,5945076379,Abu Dhabi,2025-11-20
CUST-10285,Arya Saran,tripti96@example.com,02575284188,Sharjah,2025-02-04
CUST-10286,Falak Upadhyay,adyamallick@example.org,05965734941,Abu Dhabi,2024-11-24
CUST-10287,Wridesh Luthra,krisha42@example.net,7604582386,Ajman,2025-11-03
CUST-10288,Ishaan Contractor,mitramax@example.com,05987680918,Ajman,2025-10-10
CUST-10289,Amara Chad,qarinchar@example.net,3107795858,Ajman,2026-03-18
CUST-10290,Gagan Borah,kulkarnihenry@example.com,02102237228,Ajman,2025-11-02
CUST-10291,Xavier Vyas,yohannanmatthew@example.org,5170679535,Abu Dhabi,2025-01-04
CUST-10292,Wakeeta Chokshi,ztrivedi@example.com,+914531812499,Abu Dhabi,2024-06-06
CUST-10293,Ekantika Yogi,hemal26@example.com,5553288209,Ajman,2025-08-23
CUST-10294,Fitan Madan,xmutti@example.net,+919873174694,Dubai,2025-09-23
CUST-10295,Aadi Varma,candra@example.org,2308483061,Sharjah,2024-12-18
CUST-10296,Sudiksha Pant,mugdharajagopal@example.com,5322206494,Dubai,2024-07-17
CUST-10297,Ishaan Suresh,wminhas@example.com,02623786773,Sharjah,2024-05-09
CUST-10298,Abha Khatri,owensetty@example.org,0476705408,Dubai,2025-01-19
CUST-10299,Shravya Dewan,mukhopadhyayati@example.net,6229265276,Abu Dhabi,2026-01-01
CUST-10300,Azad Sagar,harshil13@example.net,07388306744,Abu Dhabi,2025-07-31
CUST-10301,Urvashi Sathe,zehaankeer@example.net,6963072914,Dubai,2024-05-24
CUST-10302,Arjun Sampath,gautamipau@example.net,+915265991684,Ajman,2024-11-20
CUST-10303,Chaitanya Jain,nikitanatarajan@example.com,05283905612,Dubai,2025-07-06
CUST-10304,Siddharth Buch,yochanagoda@example.com,0054963810,Dubai,2025-09-05
CUST-10305,Michael Varma,lopadeshmukh@example.net,+918360420460,Dubai,2026-01-10
CUST-10306,Jhalak Pillay,lsani@example.com,0476456359,Dubai,2025-05-31
CUST-10307,Ekaraj Talwar,falan52@example.com,07723834030,Abu Dhabi,2025-01-25
CUST-10308,Mugdha Banerjee,kotharinidra@example.net,4658942886,Abu Dhabi,2025-08-14
CUST-10309,Chandani Kalita,qmann@example.net,09224814960,Dubai,2024-05-29
CUST-10310,Rachita Vig,madanchanakya@example.org,7375865076,Sharjah,2024-07-05
CUST-10311,Zehaan Brar,faqidsunder@example.net,+919261224123,Ajman,2024-10-02
CUST-10312,Bhavani Mand,andraazad@example.org,9977289417,Abu Dhabi,2024-12-12
CUST-10313,Bhanumati Khare,svirk@example.net,5951913098,Sharjah,2025-05-25
CUST-10314,Faris Gade,krishachada@example.net,+918510431248,Dubai,2025-09-27
CUST-10315,Damyanti De,amaharaj@example.org,8105590835,Sharjah,2025-10-01
CUST-10316,Fiyaz Sant,naikyahvi@example.com,07126724763,Dubai,2025-07-01
CUST-10317,Chatura Toor,dsen@example.com,04211783398,Abu Dhabi,2025-12-19
CUST-10318,Hemal Jha,xbaral@example.net,1616597896,Abu Dhabi,2024-04-25
CUST-10319,George Hans,zborde@example.net,05304436677,Ajman,2025-12-25
CUST-10320,Lopa Virk,janujabala@example.com,1383870942,Sharjah,2026-03-11
CUST-10321,Tanay Saini,ogour@example.com,00527199220,Ajman,2025-04-28
CUST-10322,Radha Bhavsar,manifalan@example.org,3269234982,Abu Dhabi,2026-03-15
CUST-10323,Hredhaan Dara,udhaliwal@example.org,01197743218,Dubai,2024-10-14
CUST-10324,Qasim Bajwa,yohannanharshil@example.net,4606906257,Abu Dhabi,2024-10-12
CUST-10325,Zansi De,rudradhillon@example.net,06463477068,Ajman,2024-10-26
CUST-10326,Rachit Mann,thomaschacko@example.com,07740589234,Dubai,2025-12-24
CUST-10327,Adya Loyal,parsaucchal@example.com,+914074987417,Dubai,2024-09-22
CUST-10328,Sanya Chaudry,gnayar@example.com,04847732583,Abu Dhabi,2025-02-02
CUST-10329,Anmol Raja,samuel62@example.net,07539446360,Dubai,2024-06-03
CUST-10330,Yadavi Prabhu,dominic14@example.com,05493984382,Dubai,2024-09-14
CUST-10331,Hemani Vaidya,falguni86@example.net,7052139858,Abu Dhabi,2025-02-11
CUST-10332,Yochana Lall,zayandhaliwal@example.com,+915558198531,Sharjah,2025-10-16
CUST-10333,Januja Verma,kohlidhriti@example.org,07909530427,Abu Dhabi,2025-08-23
CUST-10334,Advik Gandhi,nathansingh@example.net,+914263780409,Dubai,2025-05-26
CUST-10335,Ijaya Sachar,fmand@example.net,03693102757,Sharjah,2024-11-21
CUST-10336,Qadim Gandhi,kantandrew@example.net,+916117659553,Dubai,2025-12-22
CUST-10337,William Bhakta,harinisaraf@example.org,9111451752,Sharjah,2025-03-15
CUST-10338,Vanya Rattan,wkanda@example.net,6828739483,Abu Dhabi,2024-07-23
CUST-10339,Zayyan Sarma,boraaarav@example.com,8165120266,Dubai,2025-01-10
CUST-10340,Bishakha Bera,azad50@example.net,5354149256,Abu Dhabi,2025-07-28
CUST-10341,Urvi Chaudhary,sureshryan@example.com,5212296607,Abu Dhabi,2026-01-13
CUST-10342,Mahika De,kiaan23@example.org,+910560689271,Ajman,2025-02-01
CUST-10343,Gayathri Buch,qsule@example.net,08387152478,Ajman,2025-01-27
CUST-10344,Indrajit Bora,daliaraghav@example.net,7868897656,Abu Dhabi,2026-02-21
CUST-10345,Gagan Deo,aadhyachaudhary@example.net,4218788457,Sharjah,2026-02-14
CUST-10346,Mekhala Parekh,christopher20@example.com,06557800508,Sharjah,2025-10-02
CUST-10347,Quincy Bandi,nakul65@example.com,3538350734,Abu Dhabi,2025-03-06
CUST-10348,Guneet Karpe,jairajgandhi@example.com,1728358565,Sharjah,2025-09-02
CUST-10349,Azaan Sarma,rkata@example.net,3936340686,Abu Dhabi,2024-04-03
CUST-10350,Vasana Sampath,pratyushsura@example.org,+918971768169,Sharjah,2024-04-06
CUST-10351,Praneel Sehgal,chakradhar68@example.org,4697933529,Sharjah,2025-09-13
CUST-10352,Owen Shukla,yauvaniparmar@example.net,2133518435,Sharjah,2025-10-17
CUST-10353,Gaurika Swaminathan,mukherjeewridesh@example.com,04864867958,Dubai,2024-12-25
CUST-10354,Gagan Sharma,fiyazvenkataraman@example.com,5001858090,Abu Dhabi,2025-05-10
CUST-10355,Bina Chhabra,lmurty@example.com,02656535905,Sharjah,2024-09-27
CUST-10356,Oni Loke,tandonyashvi@example.org,+914205639995,Sharjah,2025-10-24
CUST-10357,Imaran Basu,nbuch@example.net,1160945485,Dubai,2024-07-14
CUST-10358,Chanakya Khare,subramaniamvihaan@example.com,02629269557,Sharjah,2026-02-28
CUST-10359,Matthew Lala,maanas23@example.org,+915548458690,Abu Dhabi,2026-02-21
CUST-10360,Nitara Mani,yashvi46@example.com,09498853399,Abu Dhabi,2025-05-09
CUST-10361,Samaksh Deshpande,doralaksh@example.org,+912530735352,Dubai,2025-08-04
CUST-10362,Saumya Wadhwa,memonpranav@example.com,00380023159,Dubai,2025-10-07
CUST-10363,Nidra Yogi,hitesh88@example.net,2377249713,Abu Dhabi,2026-02-10
CUST-10364,Logan Chacko,qbhattacharyya@example.net,01219196288,Ajman,2025-05-25
CUST-10365,Nakul Bail,qsha@example.net,+912060313504,Ajman,2024-06-26
CUST-10366,Charles Kale,byadav@example.com,05301588818,Ajman,2025-05-30
CUST-10367,Lajita Babu,kamdarjeremiah@example.net,7395879557,Abu Dhabi,2025-08-06
CUST-10368,Ishaan Sawhney,samainaya@example.org,+910839445690,Sharjah,2025-03-22
CUST-10369,Brinda Wason,harrison33@example.net,+913978496991,Abu Dhabi,2025-04-03
CUST-10370,Sathvik Banik,sanghviabha@example.com,+915393929459,Dubai,2026-02-28
CUST-10371,Meghana Badal,singhrajata@example.net,06589470476,Ajman,2024-06-28
CUST-10372,Tanay Rao,yashodamody@example.com,00567951619,Sharjah,2024-05-21
CUST-10373,Timothy Hayre,mmadan@example.net,3658162566,Dubai,2024-09-24
CUST-10374,Dalbir Nazareth,hiteshsolanki@example.org,09917720448,Sharjah,2025-10-05
CUST-10375,Jackson Mitter,gayathri10@example.org,07488834936,Abu Dhabi,2026-01-22
CUST-10376,Ranbir Warrior,qmagar@example.com,00882623800,Dubai,2024-05-03
CUST-10377,Riya Deol,sanghvimanthan@example.com,+912934926347,Dubai,2025-09-23
CUST-10378,Vyanjana Hayer,epatla@example.org,00428427754,Abu Dhabi,2024-04-13
CUST-10379,Onkar Bath,nimrat05@example.net,+914021522767,Ajman,2025-02-22
CUST-10380,Hritik Brar,om48@example.org,08198397681,Sharjah,2024-07-07
CUST-10381,Yuvraj Madan,faris30@example.org,0374335603,Ajman,2025-08-19
CUST-10382,Hemal Panchal,vanyabanerjee@example.org,+919049132937,Abu Dhabi,2024-08-26
CUST-10383,Barkha Chatterjee,naveenoak@example.net,01787326649,Sharjah,2024-06-06
CUST-10384,Champak Ramachandran,nmaharaj@example.com,+916267385813,Dubai,2025-10-20
CUST-10385,Viraj Bose,kmody@example.com,08859479989,Ajman,2024-07-07
CUST-10386,Vedika Pandya,zehaan36@example.com,4030129198,Abu Dhabi,2026-03-07
CUST-10387,Yashasvi Biswas,thakuraditya@example.com,0862830637,Sharjah,2025-10-12
CUST-10388,Kashvi Chaudhary,nidhisaxena@example.com,+910797436573,Abu Dhabi,2025-09-11
CUST-10389,Yasti Kalla,amutti@example.net,+914046102937,Sharjah,2025-12-15
CUST-10390,Oni Nayar,qvasa@example.com,2397267822,Abu Dhabi,2025-08-27
CUST-10391,Vedhika Tripathi,ruppal@example.org,+915285927622,Dubai,2024-05-02
CUST-10392,Shravya Edwin,ychaudhari@example.org,01174383852,Abu Dhabi,2025-03-18
CUST-10393,Zaitra Andra,urvashi34@example.net,01685980167,Sharjah,2025-01-01
CUST-10394,Lipika Kannan,ypandya@example.com,+918493680522,Ajman,2025-12-14
CUST-10395,Girik Dhawan,jack85@example.net,+917085031289,Ajman,2025-05-02
CUST-10396,Megha Ganguly,buchabhimanyu@example.net,08803873496,Abu Dhabi,2025-09-13
CUST-10397,Varsha Ramaswamy,bhanumatimangal@example.com,4064729629,Ajman,2025-04-12
CUST-10398,Indira Shanker,forumpathak@example.com,00383081430,Ajman,2024-12-12
CUST-10399,Michael Mand,sahnisamesh@example.org,07730722279,Abu Dhabi,2025-10-31
CUST-10400,Vansha Kothari,pkeer@example.net,04520582585,Ajman,2024-04-13
CUST-10401,Ati Mahajan,anya88@example.net,09290185002,Abu Dhabi,2026-01-17
CUST-10402,Rachana Sawhney,lila39@example.net,2768915970,Dubai,2024-11-04
CUST-10403,Udyati Palla,amritachaudry@example.net,7418311997,Sharjah,2024-05-09
CUST-10404,Pranit Date,kuruvillakai@example.org,07573143685,Dubai,2026-02-20
CUST-10405,Zarna Gala,guhadiya@example.org,+918839199021,Ajman,2025-05-11
CUST-10406,Zashil Dube,yochanasachdev@example.net,05540569712,Abu Dhabi,2024-05-21
CUST-10407,Vasudha Setty,shawilliam@example.net,8760024236,Dubai,2024-12-17
CUST-10408,Ijaya Khalsa,samarth83@example.org,08616250487,Ajman,2025-04-27
CUST-10409,Balvan Parekh,nihal44@example.org,+919814484796,Sharjah,2024-07-21
CUST-10410,Hemani Badami,widishacherian@example.org,03203842743,Sharjah,2025-04-18
CUST-10411,Arya Bajaj,giriksengupta@example.com,+917966985503,Ajman,2025-01-26
CUST-10412,Faqid Saini,semfitan@example.org,4553292514,Dubai,2024-05-26
CUST-10413,Fiyaz Ganesan,ysant@example.org,01911579520,Sharjah,2025-05-13
CUST-10414,Logan Gour,naiduira@example.com,+916237816277,Ajman,2025-05-16
CUST-10415,Pooja Mander,mohinikakar@example.com,02018819306,Ajman,2025-02-18
CUST-10416,Zansi Chaudhry,omyachopra@example.org,00088501870,Sharjah,2024-09-23
CUST-10417,Varsha Sheth,harsh34@example.com,03390343839,Dubai,2026-02-21
CUST-10418,Vivaan Oak,mitesh36@example.net,7465024225,Sharjah,2024-11-15
CUST-10419,Garima Chanda,finn97@example.net,00032629578,Sharjah,2024-07-03
CUST-10420,Isha Bali,ilal@example.org,09678808091,Dubai,2025-04-16
CUST-10421,Amaira Halder,yugnigam@example.org,+911419797874,Ajman,2025-10-21
CUST-10422,Unni Mangal,zilmilkibe@example.net,9183883157,Abu Dhabi,2025-12-28
CUST-10423,Qabil Behl,pahal58@example.net,4103532885,Abu Dhabi,2025-09-22
CUST-10424,Anvi Patla,malllekha@example.com,09526439841,Abu Dhabi,2025-03-20
CUST-10425,Charita Uppal,khalsabhavika@example.com,6851623440,Sharjah,2025-03-07
CUST-10426,Omya Tailor,ndeo@example.com,+919181264807,Abu Dhabi,2026-02-28
CUST-10427,Lekha Yogi,radha99@example.net,3597616875,Dubai,2025-09-29
CUST-10428,Aarush Sunder,abha47@example.org,3551699630,Ajman,2025-03-23
CUST-10429,Rushil Sundaram,chandranranveer@example.net,9421424613,Dubai,2025-11-17
CUST-10430,Osha Varghese,praneelsama@example.com,9982756306,Sharjah,2024-05-26
CUST-10431,Omaja Sastry,oakrajeshri@example.org,06928965621,Ajman,2025-03-26
CUST-10432,Barkha Oommen,upadhritinatarajan@example.net,3632410593,Abu Dhabi,2025-08-09
CUST-10433,Zansi Anand,jbajwa@example.org,+919946431259,Sharjah,2026-03-06
CUST-10434,Anita Shere,ladkaran@example.net,+912787255416,Dubai,2025-07-24
CUST-10435,Raagini Nath,shivanidhillon@example.com,3020969020,Abu Dhabi,2025-10-16
CUST-10436,Theodore Walla,abeer60@example.org,04493223408,Ajman,2025-07-05
CUST-10437,Yashica Nori,varenyakade@example.net,03838066541,Abu Dhabi,2026-02-18
CUST-10438,Nidra Sundaram,saiwali@example.com,6092025272,Sharjah,2026-03-14
CUST-10439,Faqid Sarraf,bhavsarjack@example.com,9198853949,Abu Dhabi,2026-01-25
CUST-10440,Faraj Shenoy,bediomaja@example.com,+913736546527,Ajman,2024-04-01
CUST-10441,Bina Dash,okuruvilla@example.net,5921091454,Dubai,2025-01-30
CUST-10442,Girindra Shroff,vrittigola@example.com,2143440854,Dubai,2026-01-12
CUST-10443,Ronith Maharaj,mohini69@example.com,+916408616682,Abu Dhabi,2025-01-24
CUST-10444,Nicholas Gole,xmittal@example.org,01964720785,Ajman,2025-12-30
CUST-10445,Isha Sodhi,nigamdakshesh@example.net,02164239664,Abu Dhabi,2024-11-09
CUST-10446,Mitesh Sarna,pahal11@example.com,01990738265,Dubai,2025-08-20
CUST-10447,Patrick Panchal,ranganathanyochana@example.com,+917790872647,Ajman,2024-07-26
CUST-10448,Aadi Sood,roymeera@example.com,9978071614,Ajman,2024-04-10
CUST-10449,Aarnav Pandya,gbhardwaj@example.com,2455129331,Abu Dhabi,2024-08-03
CUST-10450,Rushil Ben,jsundaram@example.com,8315247597,Dubai,2025-01-03
CUST-10451,Matthew Prabhakar,jackpall@example.com,+916898497352,Dubai,2024-12-03
CUST-10452,Arjun Bhagat,ojasvisarma@example.net,2070587484,Dubai,2025-02-10
CUST-10453,Shivansh Sachar,samuel34@example.org,+916918381756,Sharjah,2026-03-14
CUST-10454,Janya Bir,masonpalla@example.com,5343537890,Dubai,2025-12-17
CUST-10455,Anmol Agate,qvala@example.net,01556543604,Dubai,2025-06-12
CUST-10456,Warjas Ramesh,randhawahemani@example.com,03577436187,Ajman,2024-10-24
CUST-10457,Meghana Mann,regenidra@example.net,+913663802912,Dubai,2026-01-09
CUST-10458,Suhani Taneja,siyengar@example.net,+919614616811,Ajman,2025-06-28
CUST-10459,Manthan Munshi,bhattacharyyadaniel@example.org,4171587775,Abu Dhabi,2024-04-20
CUST-10460,Vidhi Bahl,pmaster@example.net,7352731742,Dubai,2025-08-25
CUST-10461,Veda Chawla,upadhriti16@example.net,+913206890397,Dubai,2025-08-08
CUST-10462,Zinal Dixit,dhawanwyatt@example.com,08611193544,Abu Dhabi,2025-03-23
CUST-10463,Qasim Kota,urishillabedi@example.org,4298935405,Abu Dhabi,2024-10-05
CUST-10464,Gopal Menon,naiduwarhi@example.org,+916088252977,Dubai,2024-12-18
CUST-10465,Krishna Saraf,cheemahredhaan@example.net,+913313044565,Dubai,2024-12-05
CUST-10466,Max Murty,gavin50@example.com,08349008053,Dubai,2026-03-12
CUST-10467,Pavani Kala,pavanirau@example.net,+913028292556,Dubai,2024-12-30
CUST-10468,Samesh Maharaj,rbiswas@example.com,02715619848,Ajman,2024-09-28
CUST-10469,Vansha Dewan,duttcaleb@example.org,7903662238,Dubai,2025-08-12
CUST-10470,Ati Ghose,ivarghese@example.org,5433148289,Sharjah,2024-12-12
CUST-10471,Dalbir Savant,yashica19@example.org,3836534439,Sharjah,2024-06-17
CUST-10472,Amara Sachdev,chakradhardara@example.com,0171267574,Sharjah,2024-06-06
CUST-10473,Farhan Dyal,chandran61@example.com,+914429352317,Abu Dhabi,2024-05-01
CUST-10474,Isaac Dua,azadprasad@example.net,07497658865,Sharjah,2024-08-10
CUST-10475,Samuel Dada,ykota@example.org,+919165442489,Ajman,2025-01-27
CUST-10476,Pushti Bala,avicheema@example.net,4405610708,Abu Dhabi,2026-03-07
CUST-10477,Ria Rajagopalan,igoswami@example.net,04944693983,Abu Dhabi,2025-03-22
CUST-10478,Ria More,ckoshy@example.org,+911706076809,Abu Dhabi,2025-04-20
CUST-10479,Darika Dutta,lkala@example.org,+911663648170,Abu Dhabi,2024-10-13
CUST-10480,Girish Varkey,iyengarraghav@example.com,+913797950329,Ajman,2024-04-29
CUST-10481,Balveer Narula,manyasundaram@example.net,+914872092826,Sharjah,2025-02-16
CUST-10482,Harsh Lad,dasguptaedhitha@example.net,04332369891,Ajman,2025-02-25
CUST-10483,Edhitha Yohannan,oyogi@example.org,+914947229447,Sharjah,2024-08-21
CUST-10484,Girish Radhakrishnan,rajagopalanalka@example.net,2636783575,Abu Dhabi,2024-11-03
CUST-10485,Tamanna Nair,laggarwal@example.net,+919780284474,Abu Dhabi,2025-05-10
CUST-10486,Dominic Kala,yagneshsrinivas@example.net,00479389576,Abu Dhabi,2024-08-09
CUST-10487,Oscar Chhabra,rattaanita@example.net,1707184630,Sharjah,2025-11-04
CUST-10488,Indali Divan,lpingle@example.org,08999173248,Dubai,2026-02-09
CUST-10489,Pahal Behl,alall@example.com,+910854011463,Dubai,2025-02-25
CUST-10490,Laksh Viswanathan,xitichandran@example.net,+913405063628,Dubai,2025-12-07
CUST-10491,Bina Amble,sahotaqabil@example.net,6012620204,Abu Dhabi,2024-06-02
CUST-10492,Hemangini Boase,strivedi@example.org,9803799141,Sharjah,2024-10-17
CUST-10493,Janaki Sethi,rayaan49@example.net,2273792199,Dubai,2025-01-06
CUST-10494,Praneel Kant,henrytata@example.org,+915249938136,Ajman,2024-09-12
CUST-10495,Hemani Chander,balmaya@example.com,1908649167,Dubai,2024-09-26
CUST-10496,Amara Kuruvilla,spuri@example.org,6438440860,Sharjah,2024-09-13
CUST-10497,Triveni D’Alia,vgola@example.com,+918037615000,Sharjah,2025-06-05
CUST-10498,Kiaan Kari,sainitimothy@example.com,+911300595302,Dubai,2025-07-06
CUST-10499,Rushil Chacko,matthewchadha@example.com,+915592341522,Abu Dhabi,2024-04-23
